339,0.0,1,0
442,0.0,52,57
547,0.0,100,100
648,0.0,90,85
749,0.0,68,73
850,0.0,4,9
953,0.0,14,9
1056,0.0,30,35
1160,0.0,71,61
1261,0.0,100,100
1363,0.0,100,95
1471,0.0,100,100
1572,0.0,95,100
1673,0.0,100,100
1775,0.0,100,100
1876,0.0,100,100
1981,0.0,100,95
2081,0.0,100,100
2182,0.0,100,95
2283,0.0,100,95
2383,0.0,100,100
2489,0.0,100,100
2589,0.0,100,100
2690,0.0,100,100
2791,0.0,100,100
2904,0.0,100,95
3004,0.0,100,100
3105,0.0,100,100
3223,0.16,100,100
3323,0.16,100,100
3424,0.16,100,100
3525,0.16,100,100
3626,0.16,100,100
3726,0.16,100,100
3827,0.16,52,47
3963,0.16,42,50
4064,0.16,80,70
4165,0.16,95,100
4266,0.16,80,76
4367,0.16,55,60
4472,0.16,40,40
4572,0.16,35,30
4674,0.16,76,71
4780,0.16,75,80
4881,0.16,42,47
4983,0.16,63,68
5084,0.16,63,63
5185,0.16,4,0
5286,0.16,0,0
5393,0.16,26,35
5663,0.16,98,98
5763,0.16,100,95
5864,0.16,100,100
5964,0.16,100,100
6065,0.16,100,100
6173,0.16,100,100
6274,0.16,100,100
6375,0.16,100,100
6475,0.16,100,100
6576,0.16,100,100
6676,0.16,95,95
6777,0.16,100,100
6878,0.16,100,100
6979,0.16,100,100
7079,0.16,100,100
7180,0.16,100,100
7281,0.16,73,73
7382,0.16,57,63
7483,0.16,45,31
7585,0.16,26,31
7687,0.16,0,5
7789,0.16,30,30
7889,0.16,0,5
7991,0.16,0,0
8093,0.16,0,5
8194,1.59,50,50
8295,1.59,55,61
8396,1.59,55,55
8497,1.59,80,75
8598,1.59,57,57
8699,1.59,45,50
8800,1.59,35,30
8901,1.59,4,0
9003,1.59,0,10
9104,1.59,90,85
9205,1.59,100,100
9306,1.59,100,100
9406,1.59,100,100
9507,1.59,100,100
9607,1.59,100,100
9708,1.59,100,100
9808,1.59,26,31
9909,1.59,30,30
10010,1.59,52,63
10111,1.59,65,57
10213,1.59,35,36
10314,1.59,42,42
10415,1.59,45,44
10516,1.59,52,42
10617,1.59,42,47
10717,1.59,65,60
10818,1.59,0,5
10919,1.59,30,25
11020,1.59,33,38
11122,1.59,35,40
11224,1.59,52,52
11324,1.59,90,90
11425,1.59,57,52
11526,1.59,73,78
11627,1.59,52,57
11728,1.59,0,0
11828,1.59,33,38
11929,1.59,42,33
12031,1.59,60,65
12132,1.59,42,47
12233,1.59,31,30
12334,1.59,9,5
12435,1.59,35,47
12536,1.59,66,61
12637,1.59,28,23
12739,1.59,68,68
12839,1.59,52,42
12941,1.59,55,55
13042,1.59,5,10
13146,1.59,35,30
13247,1.54,52,64
13348,1.54,31,36
13448,1.54,15,15
13551,1.54,47,45
13652,1.54,65,65
13753,1.54,0,0
13855,1.54,0,0
13956,1.54,4,9
14145,1.54,97,97
14249,1.54,100,100
14350,1.54,100,100
14450,1.54,100,100
14551,1.54,100,100
14653,1.54,100,95
14754,1.54,78,84
14855,1.54,52,52
14956,1.54,35,40
15057,1.54,50,40
15159,1.54,50,44
15260,1.54,52,52
15361,1.54,38,36
15466,1.54,66,75
15567,1.54,11,11
15668,1.54,23,23
15769,1.54,44,55
15870,1.54,44,55
15971,1.54,0,0
16071,1.54,0,0
16172,1.54,0,0
16273,1.54,0,0
16373,1.54,4,0
16474,1.54,0,0
16575,1.54,0,0
16937,1.54,98,100
17038,1.54,100,100
17139,1.54,100,100
17239,1.54,100,95
17340,1.54,100,100
17441,1.54,52,57
17541,1.54,38,44
17643,1.54,25,30
17745,1.54,25,20
17846,1.54,60,65
17947,1.54,77,83
18148,1.54,79,79
18249,1.58,61,66
18349,1.58,50,45
18452,1.58,57,63
18553,1.58,20,15
18657,1.58,21,31
18759,1.58,40,35
18860,1.58,70,70
18961,1.58,16,22
19062,1.58,44,50
19163,1.58,60,55
19265,1.58,23,23
19369,1.58,45,40
19471,1.58,44,44
19573,1.58,10,9
19674,1.58,4,0
19776,1.58,0,5
19877,1.58,14,9
19979,1.58,0,0
20081,1.58,0,0
20183,1.58,0,0
20466,1.58,67,69
20585,1.58,100,100
20686,1.58,100,100
20786,1.58,100,95
20887,1.58,100,100
20988,1.58,100,100
21088,1.58,63,72
21206,1.58,61,57
21306,1.58,40,35
21408,1.58,15,25
21510,1.58,57,55
21611,1.58,33,38
21712,1.58,47,47
21813,1.58,0,0
21914,1.58,26,25
22016,1.58,38,47
22118,1.58,50,40
22220,1.58,63,68
22321,1.58,0,0
22422,1.58,5,5
22685,1.58,67,67
22786,1.58,100,100
22887,1.58,100,100
22987,1.58,100,100
23088,1.58,100,100
23188,9.38,100,100
23289,9.38,80,80
23389,9.38,68,68
23490,9.38,50,50
23592,9.38,31,36
23713,9.38,29,29
23814,9.38,20,20
23916,9.38,31,31
24046,9.38,61,61
24146,9.38,52,52
24248,9.38,36,42
24351,9.38,52,52
24452,9.38,31,36
24552,9.38,33,38
24653,9.38,100,100
24754,9.38,85,89
24855,9.38,28,23
24955,9.38,0,0
25056,9.38,0,5
25157,9.38,21,70
25414,9.38,100,100
25514,9.38,100,100
25615,9.38,100,100
25715,9.38,100,100
25816,9.38,100,100
25916,9.38,76,68
26018,9.38,73,63
26119,9.38,44,55
26220,9.38,22,27
26322,9.38,9,14
26424,9.38,55,61
26527,9.38,42,38
26628,9.38,66,57
26729,9.38,14,9
26833,9.38,38,47
26935,9.38,44,58
27036,9.38,26,26
27137,9.38,27,36
27238,9.38,31,33
27339,9.38,65,61
27440,9.38,10,11
27542,9.38,31,42
27644,9.38,41,44
27745,9.38,0,0
27846,9.38,4,0
27948,9.38,0,0
28061,9.38,86,86
28181,14.0,100,100
28289,14.0,100,100
28393,14.0,100,95
28494,14.0,100,100
28595,14.0,100,100
28695,14.0,100,100
28796,14.0,70,75
28897,14.0,36,42
28998,14.0,63,57
29099,14.0,45,45
29199,14.0,57,68
29300,14.0,57,47
29402,14.0,38,50
29503,14.0,42,47
29604,14.0,22,27
29706,14.0,61,52
29806,14.0,57,63
29907,14.0,10,10
30009,14.0,22,27
30111,14.0,45,44
30212,14.0,44,50
30314,14.0,40,31
30415,14.0,64,76
30516,14.0,70,70
30617,14.0,26,30
30718,14.0,35,31
30820,14.0,28,28
30921,14.0,0,0
31023,14.0,0,0
31125,14.0,55,50
31225,14.0,100,100
31326,14.0,100,100
31429,14.0,100,95
31530,14.0,100,100
31631,14.0,100,100
31731,14.0,95,90
31832,14.0,100,100
31933,14.0,68,59
32034,14.0,36,42
32135,14.0,15,10
32237,14.0,0,5
32339,14.0,30,25
32440,14.0,0,0
32542,14.0,20,23
32643,14.0,0,0
32744,14.0,5,11
32846,14.0,4,5
32948,14.0,21,26
33049,14.0,9,4
33151,14.0,11,22
33253,12.87,21,30
33354,12.87,14,5
33456,12.87,10,10
33557,12.87,4,0
33659,12.87,26,26
33760,12.87,5,10
33862,12.87,28,28
33963,12.87,38,44
34065,12.87,35,30
34166,12.87,44,40
34266,12.87,16,22
34368,12.87,36,42
34469,12.87,10,15
34573,12.87,21,19
34674,12.87,40,35
34776,12.87,27,44
34877,12.87,0,0
34977,12.87,0,0
35078,12.87,21,21
35179,12.87,5,0
35281,12.87,27,42
35382,12.87,42,30
35483,12.87,27,44
35586,12.87,45,40
35688,12.87,47,42
35789,12.87,35,35
35891,12.87,0,0
35992,12.87,5,10
36177,12.87,59,59
36281,12.87,100,100
36382,12.87,100,100
36483,12.87,100,100
36583,12.87,100,100
36684,12.87,100,100
36785,12.87,100,100
36887,12.87,95,95
36988,12.87,52,52
37089,12.87,11,16
37191,12.87,23,23
37293,12.87,57,52
37394,12.87,42,42
37497,12.87,100,100
37598,12.87,84,84
37699,12.87,40,45
37801,12.87,31,31
37901,12.87,40,40
38002,12.87,30,25
38103,12.87,0,0
38204,11.84,0,0
38304,11.84,0,0
38405,11.84,0,5
38506,11.84,0,0
38608,11.84,0,4
38869,11.84,79,76
39009,11.84,100,100
39110,11.84,100,100
39213,11.84,100,100
39314,11.84,100,100
39414,11.84,100,100
39515,11.84,19,14
39617,11.84,55,66
39717,11.84,21,21
39819,11.84,57,68
39920,11.84,33,33
40021,11.84,27,33
40123,11.84,14,9
40225,11.84,41,50
40326,11.84,23,20
40427,11.84,19,14
40529,11.84,5,5
40630,11.84,30,30
40733,11.84,5,10
40834,11.84,31,38
40936,11.84,0,0
41038,11.84,0,0
41139,11.84,0,5
41241,11.84,4,0
41493,11.84,80,82
41597,11.84,100,100
41698,11.84,100,100
41799,11.84,100,100
41899,11.84,100,100
42000,11.84,100,100
42100,11.84,38,33
42201,11.84,40,40
42303,11.84,47,42
42404,11.84,40,40
42506,11.84,36,31
42607,11.84,36,31
42710,11.84,23,23
42812,11.84,22,33
42913,11.84,25,25
43015,11.84,38,33
43116,11.84,5,5
43218,11.46,15,21
43319,11.46,28,23
43420,11.46,33,22
43522,11.46,15,15
43623,11.46,0,0
43724,11.46,0,0
43825,11.46,4,4
44177,11.46,81,81
44281,11.46,100,100
44382,11.46,100,100
44483,11.46,100,100
44583,11.46,100,100
44684,11.46,68,68
44785,11.46,65,61
44886,11.46,55,63
44987,11.46,35,35
45088,11.46,10,10
45190,11.46,19,14
45291,11.46,41,52
45393,11.46,35,35
45494,11.46,55,55
45595,11.46,10,10
45696,11.46,36,36
45798,11.46,57,63
45899,11.46,16,22
46000,11.46,33,38
46101,11.46,25,56
46203,11.46,22,22
46304,11.46,15,14
46406,11.46,44,52
46507,11.46,50,45
46608,11.46,0,0
46710,11.46,0,5
46812,11.46,0,0
47185,11.46,100,100
47286,11.46,100,100
47387,11.46,100,100
47487,11.46,100,100
47588,11.46,100,100
47689,11.46,73,73
47948,11.46,76,78
48049,11.46,35,30
48150,11.46,33,50
48252,10.7,33,33
48356,10.7,30,35
48458,10.7,35,47
48560,10.7,38,50
48660,10.7,33,28
48761,10.7,26,25
48863,10.7,52,45
48963,10.7,15,21
49064,10.7,27,38
49165,10.7,16,22
49266,10.7,0,0
49368,10.7,0,0
49470,10.7,4,0
49572,10.7,0,0
49673,10.7,0,0
49775,10.7,0,5
50117,10.7,95,97
50218,10.7,100,100
50320,10.7,100,100
50421,10.7,100,100
50521,10.7,60,60
50623,10.7,66,72
50724,10.7,33,38
50832,10.7,45,45
50933,10.7,35,30
51035,10.7,89,94
51136,10.7,15,20
51236,10.7,0,0
51338,10.7,0,0
51440,10.7,0,0
51542,10.7,4,0
51644,10.7,0,0
51745,10.7,0,0
51847,10.7,0,5
51949,10.7,4,0
52051,10.7,0,0
52153,10.7,0,0
52254,10.7,0,5
52356,10.7,0,0
52458,10.7,4,0
52560,10.7,0,0
52662,10.7,0,0
52763,10.7,0,5
52865,10.7,0,0
52967,10.7,4,0
53068,10.7,0,0
53170,10.7,0,0
53272,9.84,0,0
53374,9.84,0,0
53476,9.84,0,5
53577,9.84,4,0
53679,9.84,0,0
53781,9.84,0,0
53882,9.84,0,0
53984,9.84,0,0
54086,9.84,0,0
54188,9.84,0,5
54290,9.84,0,0
54391,9.84,0,0
54493,9.84,4,0
54595,9.84,0,5
54697,9.84,0,0
54798,9.84,0,5
54900,9.84,0,0
55002,9.84,4,0
55104,9.84,0,0
55206,9.84,0,0
55307,9.84,0,0
55409,9.84,4,0
55511,9.84,0,0
55613,9.84,0,0
55715,9.84,0,0
55816,9.84,0,4
55918,9.84,4,0
56020,9.84,0,0
56121,9.84,36,35
56222,9.84,5,16
56323,9.84,33,44
56430,9.84,36,31
56532,9.84,50,55
56632,9.84,26,26
56734,9.84,45,36
56836,9.84,47,58
56936,9.84,31,21
57042,9.84,36,36
57144,9.84,73,88
57245,9.84,55,50
57346,9.84,57,68
57485,9.84,67,64
57587,9.84,0,5
57688,9.84,0,5
57790,9.84,9,0
57938,9.84,83,89
58038,9.84,100,100
58139,9.84,100,100
58239,17.06,100,100
58340,17.06,100,100
58440,17.06,100,100
58541,17.06,100,100
58641,17.06,55,55
58744,17.06,52,52
58845,17.06,33,36
58946,17.06,33,30
59049,17.06,26,30
59151,17.06,23,37
59253,17.06,38,28
59355,17.06,38,50
59456,17.06,15,10
59557,17.06,42,44
59659,17.06,36,44
59760,17.06,0,0
59862,17.06,0,0
59964,17.06,25,25
60065,17.06,11,15
60166,17.06,22,27
60268,17.06,38,52
60369,17.06,4,0
60470,17.06,0,0
60649,17.06,71,77
60750,17.06,100,100
60851,17.06,100,100
60951,17.06,100,100
61052,17.06,100,100
61152,17.06,100,100
61254,17.06,100,90
61357,17.06,80,80
61458,17.06,55,50
61559,17.06,5,10
61673,17.06,17,17
61775,17.06,38,44
61876,17.06,52,42
61977,17.06,0,0
62079,17.06,0,4
62180,17.06,0,0
62284,17.06,15,15
62385,17.06,16,16
62486,17.06,35,40
62588,17.06,10,15
62690,17.06,0,0
62791,17.06,10,15
62893,17.06,0,0
62994,17.06,0,0
63096,17.06,0,0
63257,15.7,62,51
63358,15.7,100,100
63459,15.7,100,100
63559,15.7,100,100
63660,15.7,100,100
63760,15.7,100,100
63861,15.7,90,85
63962,15.7,40,40
64064,15.7,0,5
64166,15.7,26,26
64267,15.7,21,21
64369,15.7,26,30
64471,15.7,50,47
64571,15.7,10,15
64673,15.7,30,30
64785,15.7,63,59
64889,15.7,100,100
64990,15.7,100,100
65091,15.7,100,100
65191,15.7,100,100
65292,15.7,100,100
65392,15.7,100,100
65493,15.7,70,70
65594,15.7,63,68
65695,15.7,55,55
65796,15.7,20,20
65898,15.7,14,14
66002,15.7,50,50
66103,15.7,5,11
66205,15.7,15,20
66306,15.7,50,45
66408,15.7,70,65
66509,15.7,5,9
66611,15.7,4,5
66712,15.7,5,0
66814,15.7,0,0
66916,15.7,0,0
67018,15.7,0,0
67120,15.7,23,23
67222,15.7,10,5
67324,15.7,42,42
67427,15.7,44,44
67528,15.7,5,0
67631,15.7,26,30
67732,15.7,21,21
67835,15.7,50,52
67936,15.7,42,38
68038,15.7,22,27
68139,15.7,33,44
68240,14.44,47,47
68341,14.44,15,15
68443,14.44,36,36
68545,14.44,42,42
68646,14.44,0,0
68747,14.44,0,0
68848,14.44,4,4
68950,14.44,25,26
69051,14.44,23,19
69153,14.44,36,36
69254,14.44,44,55
69355,14.44,20,10
69457,14.44,26,36
69559,14.44,38,44
69660,14.44,0,0
69762,14.44,4,4
69864,14.44,4,0
70089,14.44,88,90
70190,14.44,100,100
70291,14.44,100,95
70391,14.44,100,100
70492,14.44,100,100
70592,14.44,100,100
70695,14.44,100,95
70796,14.44,50,61
70897,14.44,5,5
71003,14.44,30,30
71103,14.44,39,26
71205,14.44,45,44
71306,14.44,16,16
71407,14.44,25,25
71507,14.44,31,31
71609,14.44,52,63
71710,14.44,0,0
71812,14.44,0,0
72249,14.44,80,80
72353,14.44,100,100
72457,14.44,100,100
72557,14.44,100,95
72665,14.44,100,100
72766,14.44,76,76
72867,14.44,17,29
72968,14.44,22,33
73069,14.44,33,23
73171,14.44,5,5
73273,13.28,38,42
73374,13.28,31,38
73475,13.28,20,10
73577,13.28,28,33
73679,13.28,36,36
73780,13.28,19,14
73881,13.28,0,0
73983,13.28,0,5
74085,13.28,21,20
74186,13.28,23,15
74288,13.28,35,52
74389,13.28,27,38
74490,13.28,0,5
74591,13.28,28,19
74693,13.28,19,14
74794,13.28,25,19
74896,13.28,26,33
74997,13.28,25,25
75098,13.28,21,21
75200,13.28,27,44
75304,13.28,42,42
75405,13.28,15,14
75506,13.28,31,33
75608,13.28,42,42
75709,13.28,40,38
75812,13.28,28,25
75914,13.28,44,44
76015,13.28,38,33
76116,13.28,15,20
76218,13.28,40,42
76320,13.28,38,44
76421,13.28,16,26
76522,13.28,31,33
76624,13.28,22,31
76727,13.28,68,72
76828,13.28,15,20
76930,13.28,28,19
77032,13.28,0,0
77134,13.28,0,5
77236,13.28,0,0
77337,13.28,0,0
77439,13.28,0,0
77544,13.28,10,10
77655,13.28,47,40
77768,13.28,20,31
77869,13.28,20,26
77980,13.28,25,20
78082,13.28,25,25
78182,13.28,0,0
78284,12.22,0,0
78457,12.22,82,82
78558,12.22,100,100
78659,12.22,100,100
78759,12.22,100,95
78860,12.22,100,100
78960,12.22,100,100
79061,12.22,100,100
79163,12.22,70,68
79264,12.22,52,47
79365,12.22,10,15
79467,12.22,19,10
79568,12.22,50,55
79670,12.22,27,33
79772,12.22,50,55
79877,12.22,20,25
79978,12.22,33,38
80080,12.22,52,47
80181,12.22,0,5
80283,12.22,14,4
80385,12.22,27,38
80486,12.22,45,40
80587,12.22,20,33
80688,12.22,25,20
80789,12.22,30,20
81213,12.22,89,89
81314,12.22,100,95
81415,12.22,100,100
81515,12.22,100,100
81616,12.22,100,100
81716,12.22,65,65
81817,12.22,26,26
81919,12.22,15,15
82022,12.22,5,5
82126,12.22,47,52
82227,12.22,25,25
